message,output,flag,timestamp
หวาดดีคับ ผมอยากเป็น data scientist ทำไงดี ตอนนี้ผมเป็นนักสถิติ,"### Analysis
ในฐานะนักสถิติ คุณมีพื้นฐานทางคณิตศาสตร์และสถิติที่แข็งแกร่ง ซึ่งเป็นรากฐานที่ดีเยี่ยมสำหรับการเป็น Data Scientist อย่างไรก็ตาม คุณจะต้องพัฒนาทักษะด้านการเขียนโปรแกรม การประยุกต์ใช้ Machine Learning และการจัดการข้อมูลจากฐานข้อมูล เพื่อให้สามารถทำงานในบทบาท Data Scientist ได้อย่างเต็มที่

### Recommended Courses
**Missing Skill: การเขียนโปรแกรมสำหรับ Data Science (Python/R)**
- [Introduction to Data Science in Python](https://www.coursera.org/learn/python-data-analysis) (Self-paced)
- [Introduction to Python Fundamentals](https://www.coursera.org/learn/introduction-python-fundamentals) (4 weeks of study, 4 hours / week)

**Missing Skill: อัลกอริทึมและเทคนิค Machine Learning**
- [Machine Learning for Engineers: Algorithms and Applications](https://www.coursera.org/learn/machinelearning-for-engineers--algorithmsandapplications) (2-5 hours/week)

**Missing Skill: การจัดการฐานข้อมูลและ SQL**
- [Databases and SQL for Data Science with Python](https://www.coursera.org/learn/sql-data-science) (6 weeks of study, 2-4 hours/week.)
- [SQL for Data Science  (and Version Control with GitHub)](https://www.coursera.org/learn/sql-for-data-science-and-version-control-with-github) (4 weeks of study, 10 hours per week)",คำตอบดีมาก,2025-11-25 09:34:45.309487
